{"Gij\u00f3n \u2192 Cand\u00e1s":[[43.5453,-5.6621],[43.55416,-5.66054],[43.59278,-5.67441],[43.58705,-5.69089],[43.59035,-5.75606],[43.5883,-5.7617]],"Cand\u00e1s \u2192 Cabo Pe\u00f1as":[[43.5883,-5.7617],[43.59035,-5.75606],[43.62677,-5.76116],[43.64156,-5.79028],[43.67369,-5.83583],[43.6613,-5.8492],[43.6553,-5.8492]],"Cabo Pe\u00f1as \u2192 Luanco":[[43.6553,-5.8492],[43.6613,-5.8492],[43.67498,-5.8374],[43.65134,-5.80637],[43.63621,-5.77612],[43.61378,-5.77988],[43.6117,-5.7917]],"Luanco \u2192 Avil\u00e9s":[[43.6117,-5.7917],[43.61378,-5.77988],[43.63661,-5.77712],[43.65116,-5.80826],[43.67435,-5.8373],[43.6619,-5.85437],[43.63585,-5.91643],[43.6058,-5.93013],[43.5917,-5.925]],"Avil\u00e9s \u2192 Cudillero":[[43.5917,-5.925],[43.6058,-5.93013],[43.60645,-6.03353],[43.57369,-6.144],[43.5633,-6.15]],"Cudillero \u2192 Luarca":[[43.5633,-6.15],[43.57369,-6.144],[43.59651,-6.22819],[43.61014,-6.24424],[43.57994,-6.33163],[43.57814,-6.46712],[43.55352,-6.53122],[43.5417,-6.5333]],"Luarca \u2192 Navia":[[43.5417,-6.5333],[43.55352,-6.53122],[43.57736,-6.62642],[43.57957,-6.71156],[43.56128,-6.7242],[43.55,-6.7283]],"Navia \u2192 Ribadeo":[[43.55,-6.7283],[43.56128,-6.7242],[43.57991,-6.75278],[43.57539,-6.88137],[43.58097,-6.97114],[43.55755,-7.03349],[43.535,-7.0417]],"Ribadeo \u2192 Foz":[[43.535,-7.0417],[43.558,-7.034],[43.575,-7.06],[43.58,-7.12],[43.585,-7.18],[43.58,-7.22],[43.57,-7.25],[43.5717,-7.255]],"Foz \u2192 Viveiro":[[43.5717,-7.255],[43.58,-7.26],[43.6,-7.3],[43.62,-7.34],[43.65,-7.39],[43.67,-7.43],[43.69,-7.48],[43.7,-7.53],[43.705,-7.57],[43.6617,-7.595]],"Viveiro \u2192 Estaca de Bares":[[43.6617,-7.595],[43.68534,-7.59917],[43.71408,-7.59158],[43.75838,-7.6226],[43.78875,-7.64618],[43.79125,-7.68552],[43.7883,-7.685]],"Estaca de Bares \u2192 Cabo Ortegal":[[43.7883,-7.685],[43.79125,-7.68552],[43.79154,-7.86965],[43.7752,-7.873],[43.77,-7.87]],"Cabo Ortegal \u2192 Cari\u00f1o":[[43.77,-7.87],[43.7752,-7.873],[43.7631,-7.93072],[43.75283,-7.96307],[43.72633,-7.96657],[43.75302,-7.95671],[43.7636,-7.91436],[43.78119,-7.90823],[43.7714,-7.87637],[43.78848,-7.87197],[43.77512,-7.85618],[43.75485,-7.85715],[43.7816,-7.85899],[43.76264,-7.85486],[43.7367,-7.8607],[43.7367,-7.8667]],"Cari\u00f1o \u2192 Cedeira":[[43.7367,-7.8667],[43.7367,-7.8607],[43.76235,-7.85451],[43.78152,-7.85875],[43.7893,-7.87713],[43.77144,-7.876],[43.78131,-7.9081],[43.76382,-7.9139],[43.75475,-7.95913],[43.72587,-7.97551],[43.71355,-8.05532],[43.69983,-8.08065],[43.66821,-8.07925],[43.66,-8.0567]],"Cedeira \u2192 Ferrol":[[43.66,-8.0567],[43.6682,-8.0793],[43.7,-8.06],[43.72,-8.09],[43.7,-8.14],[43.67,-8.18],[43.63,-8.21],[43.56,-8.225],[43.51,-8.233],[43.4833,-8.2333]],"Ferrol \u2192 La Coru\u00f1a":[[43.4833,-8.2333],[43.51,-8.233],[43.56,-8.225],[43.63,-8.21],[43.64,-8.25],[43.6,-8.3],[43.55,-8.34],[43.49,-8.37],[43.44,-8.39],[43.4,-8.4],[43.37,-8.4]]}