{"Gij\u00f3n \u2192 Cand\u00e1s":[[43.5453,-5.6621],[43.55658,-5.658],[43.60596,-5.67837],[43.59485,-5.68871],[43.6024,-5.75657],[43.5883,-5.7617]],"Cand\u00e1s \u2192 Cabo Pe\u00f1as":[[43.5883,-5.7617],[43.6024,-5.75657],[43.65399,-5.78173],[43.66209,-5.811],[43.66416,-5.85076],[43.6553,-5.8492]],"Cabo Pe\u00f1as \u2192 Luanco":[[43.6553,-5.8492],[43.66416,-5.85076],[43.66263,-5.81102],[43.65036,-5.78291],[43.61483,-5.77397],[43.6117,-5.7917]],"Luanco \u2192 Avil\u00e9s":[[43.6117,-5.7917],[43.61483,-5.77397],[43.65228,-5.78781],[43.6618,-5.82228],[43.68061,-5.84911],[43.68744,-5.86556],[43.65115,-5.87733],[43.64715,-5.91276],[43.60861,-5.93116],[43.5917,-5.925]],"Avil\u00e9s \u2192 Cudillero":[[43.5917,-5.925],[43.60861,-5.93116],[43.61594,-6.03277],[43.57369,-6.144],[43.5633,-6.15]],"Cudillero \u2192 Luarca":[[43.5633,-6.15],[43.57369,-6.144],[43.6035,-6.22003],[43.58796,-6.3308],[43.5885,-6.46467],[43.55352,-6.53122],[43.5417,-6.5333]],"Luarca \u2192 Navia":[[43.5417,-6.5333],[43.55352,-6.53122],[43.58615,-6.63346],[43.5641,-6.72317],[43.55,-6.7283]],"Navia \u2192 Ribadeo":[[43.55,-6.7283],[43.5641,-6.72317],[43.587,-6.86038],[43.59823,-6.94914],[43.56159,-7.03701],[43.535,-7.0417]],"Ribadeo \u2192 Foz":[[43.535,-7.0417],[43.558,-7.034],[43.575,-7.06],[43.58,-7.12],[43.585,-7.18],[43.58,-7.22],[43.57,-7.25],[43.5717,-7.255]],"Foz \u2192 Viveiro":[[43.5717,-7.255],[43.58,-7.26],[43.6,-7.3],[43.62,-7.34],[43.65,-7.39],[43.67,-7.43],[43.69,-7.48],[43.7,-7.53],[43.705,-7.57],[43.6617,-7.595]],"Viveiro \u2192 Estaca de Bares":[[43.6617,-7.595],[43.70011,-7.58823],[43.78204,-7.63012],[43.77449,-7.64201],[43.8118,-7.67656],[43.79125,-7.68552],[43.7883,-7.685]],"Estaca de Bares \u2192 Cabo Ortegal":[[43.7883,-7.685],[43.79125,-7.68552],[43.7996,-7.86829],[43.7752,-7.873],[43.77,-7.87]],"Cabo Ortegal \u2192 Cari\u00f1o":[[43.77,-7.87],[43.7752,-7.873],[43.78568,-7.86338],[43.78509,-7.86091],[43.78571,-7.85984],[43.78614,-7.85911],[43.7412,-7.85891],[43.7367,-7.8667]],"Cari\u00f1o \u2192 Cedeira":[[43.7367,-7.8667],[43.7412,-7.85891],[43.76167,-7.84719],[43.79458,-7.86725],[43.78116,-7.89105],[43.75058,-7.93505],[43.7261,-7.99381],[43.72719,-8.04533],[43.71918,-8.06374],[43.70502,-8.07536],[43.66821,-8.07925],[43.66,-8.0567]],"Cedeira \u2192 Ferrol":[[43.66,-8.0567],[43.6682,-8.0793],[43.7,-8.06],[43.72,-8.09],[43.7,-8.14],[43.67,-8.18],[43.63,-8.21],[43.56,-8.225],[43.51,-8.233],[43.4833,-8.2333]],"Ferrol \u2192 La Coru\u00f1a":[[43.4833,-8.2333],[43.51,-8.233],[43.56,-8.225],[43.63,-8.21],[43.64,-8.25],[43.6,-8.3],[43.55,-8.34],[43.49,-8.37],[43.44,-8.39],[43.4,-8.4],[43.37,-8.4]]}