{"Gij\u00f3n \u2192 Cand\u00e1s":[[43.5453,-5.6621],[43.5883,-5.7617]],"Cand\u00e1s \u2192 Cabo Pe\u00f1as":[[43.5883,-5.7617],[43.6553,-5.8492]],"Cabo Pe\u00f1as \u2192 Luanco":[[43.6553,-5.8492],[43.58548855129454,-5.757132149069378],[43.6691135638304,-5.867417429363542],[43.5869238432722,-5.7590250226637085],[43.669563027118635,-5.868010184846866],[43.58623711250492,-5.758119357087854],[43.6117,-5.7917]],"Luanco \u2192 Avil\u00e9s":[[43.6117,-5.7917],[43.58867507012025,-5.945161157649908],[43.58821043802634,-5.948257930556044],[43.587564709223145,-5.95256171302942],[43.58747608390277,-5.953152400789749],[43.58823628505256,-5.948085660126477],[43.61437237439686,-5.773888624644849],[43.61411585511914,-5.775598325630915],[43.61413680237126,-5.775458712195431],[43.58750745918342,-5.952943284542423],[43.5875995605134,-5.95232942917816],[43.58752759144282,-5.9528091030334975],[43.58747361463989,-5.953168858425],[43.588244715902846,-5.948029468507409],[43.58812808694388,-5.948806800518922],[43.58752831498367,-5.952804280633772],[43.587550462545806,-5.952656667132109],[43.61430687327703,-5.774325189609475],[43.612634646280924,-5.7854705825385615],[43.614359764611585,-5.773972668864842],[43.5917,-5.925]],"Avil\u00e9s \u2192 Cudillero":[[43.5917,-5.925],[43.610363522093785,-5.777137589038975],[43.6119448180154,-5.764609716419969],[43.61181819570467,-5.765612886135252],[43.588730211085675,-5.948528257244794],[43.58873909696959,-5.9484578585167895],[43.58877451964216,-5.948177221146181],[43.61183381312237,-5.765489156595586],[43.610495995468085,-5.776088064068079],[43.61193295734121,-5.764703683030754],[43.58868344164534,-5.948898789782245],[43.58850297564243,-5.950328538044857],[43.58874134159625,-5.948440075382564],[43.58849717212324,-5.950374516630038],[43.58864798792565,-5.949179673125002],[43.61047278139182,-5.776271978408868],[43.588606302060036,-5.949509930862383],[43.58864848528903,-5.949175732745446],[43.588586981094586,-5.949663001891272],[43.58858993080907,-5.949639632674394],[43.61003257443045,-5.779759533561561],[43.611803540630035,-5.765728991487346],[43.612085513287596,-5.7634950531792555],[43.61191107962396,-5.764877010021378],[43.61184153475626,-5.7654279816845735],[43.610277126220176,-5.7778220633965],[43.610286135809936,-5.777750684604401],[43.61189553124246,-5.765000192621442],[43.610034198517134,-5.779746666677706],[43.5633,-6.15]],"Cudillero \u2192 Luarca":[[43.5633,-6.15],[43.5417,-6.5333]],"Luarca \u2192 Navia":[[43.5417,-6.5333],[43.55,-6.7283]],"Navia \u2192 Ribadeo":[[43.55,-6.7283],[43.53566048671862,-7.027900230825877],[43.535,-7.0417]],"Ribadeo \u2192 Foz":[[43.535,-7.0417],[43.533306444757386,-7.031857075388232],[43.5717,-7.255]],"Foz \u2192 Viveiro":[[43.5717,-7.255],[43.5151822319051,-7.04148843164155],[43.515156046429425,-7.041389508733461],[43.51514932276302,-7.041364108215915],[43.719802858018376,-7.814499685847206],[43.71977735445613,-7.814403339056516],[43.71972171032034,-7.814193127876822],[43.721421841727846,-7.8206158465274385],[43.6617,-7.595]],"Viveiro \u2192 Estaca de Bares":[[43.6617,-7.595],[43.68534039852233,-7.6118059705135295],[43.79270325459294,-7.68813027577697],[43.765955421062046,-7.669115228243181],[43.7639650731731,-7.667700288985622],[43.76468479002932,-7.668211936039785],[43.7656291803107,-7.6688833035383865],[43.79311721999185,-7.68842456397526],[43.79454351586581,-7.68943851838802],[43.79465833667409,-7.689520144555047],[43.793106119221825,-7.688416672432658],[43.764570089647776,-7.668130395484304],[43.7639045845727,-7.667657287611021],[43.7883,-7.685]],"Estaca de Bares \u2192 Cabo Ortegal":[[43.7883,-7.685],[43.78993923543638,-7.668428494222342],[43.7899520139611,-7.668299312415083],[43.78986921156826,-7.669136385785331],[43.789900131864876,-7.668823803551784],[43.76853005207231,-7.884860129323754],[43.76861511674812,-7.88400018587965],[43.76847170800569,-7.88544994639064],[43.76845948232575,-7.885573539329984],[43.768516484266016,-7.884997290207055],[43.77118217280756,-7.85804907271108],[43.771071832122516,-7.859164538652702],[43.7710419699653,-7.859466423848731],[43.771127944814594,-7.858597279197693],[43.770990669859984,-7.859985031470247],[43.771183315322865,-7.858037522692611],[43.77107091716897,-7.859173788182881],[43.77107789124897,-7.859103285188334],[43.77102348743438,-7.859653269106516],[43.77110277355737,-7.85885174272643],[43.77115783836186,-7.858295076670019],[43.76813278643848,-7.888876202671584],[43.771244104550625,-7.857422986783411],[43.7712324971495,-7.85754032936311],[43.771062618568564,-7.859257681137275],[43.77119324967147,-7.857937093484755],[43.77100486178662,-7.8598415611733135],[43.771144463891105,-7.858430283067895],[43.771145311699804,-7.858421712324347],[43.77113278992586,-7.858548298563581],[43.768522263696774,-7.884938864267828],[43.77117526250869,-7.858118930923902],[43.77102784444476,-7.859609222825979],[43.7686099962661,-7.884051950315734],[43.77109299906221,-7.858950555928092],[43.7711596127009,-7.8582771393621815],[43.7684771668376,-7.8853947614783575],[43.77,-7.87]],"Cabo Ortegal \u2192 Cari\u00f1o":[[43.77,-7.87],[43.730539553186034,-7.8660895052706685],[43.77626500892187,-7.8706208567400076],[43.77797755452903,-7.870790568466842],[43.776238333675636,-7.870618213247138],[43.777675513080084,-7.870760636431363],[43.7367,-7.8667]],"Cari\u00f1o \u2192 Cedeira":[[43.7367,-7.8667],[43.653720292487996,-8.072255989925448],[43.65183698712323,-8.076921283527886],[43.65182023878461,-8.076962772241563],[43.65197177366118,-8.076587392495162],[43.7405108501184,-7.857259823694773],[43.73897221748991,-7.861071299567184],[43.74071957777322,-7.856742766922785],[43.741143169080985,-7.855693453383293],[43.74045776148409,-7.8573913340014405],[43.61962306870164,-8.156721081443825],[43.619273790733935,-8.157586307178722],[43.59310871079961,-8.222402020184644],[43.65168795847195,-8.07729045489372],[43.652291404639676,-8.075795607802764],[43.65164785475259,-8.077389799178864],[43.651583344893766,-8.077549601958193],[43.65356881271718,-8.072631233164806],[43.74096181319102,-7.856142705262364],[43.73923351182895,-7.8604240254552575],[43.74116455944165,-7.855640465528087],[43.66,-8.0567]],"Cedeira \u2192 Ferrol":[[43.66,-8.0567],[43.71354379148975,-8.003186510599402],[43.71262124870262,-8.004108531291013],[43.70957858596342,-8.007149472093124],[43.712041729322756,-8.004687722702874],[43.71315011745937,-8.003579961837405],[43.468872999139954,-8.247718836173528],[43.47740143811501,-8.239195223706089],[43.47011243393493,-8.246480102813038],[43.71323543223007,-8.003494695349046],[43.71243637130331,-8.004293304062495],[43.7120492460798,-8.004680210199856],[43.71241990493299,-8.00430976111399],[43.70958304670524,-8.007145013875883],[43.713844088163725,-8.002886383872669],[43.46895699494599,-8.247634887903303],[43.473341422560594,-8.243252941572013],[43.47762454735704,-8.238972240728502],[43.713120265491305,-8.003609796911338],[43.70969910989564,-8.007029016369907],[43.70990789519219,-8.006820349231338],[43.71033697615493,-8.006391511098906],[43.470441677038636,-8.2461510460383],[43.469138624296335,-8.247453361342705],[43.46935800753195,-8.247234102262862],[43.4833,-8.2333]],"Ferrol \u2192 La Coru\u00f1a":[[43.4833,-8.2333],[43.47053136722219,-8.252086682118815],[43.470845364549916,-8.251624693111498],[43.47069473334359,-8.251846319078798],[43.47048891634077,-8.252149140741391],[43.470363710997376,-8.252333357252798],[43.47124443819525,-8.251037530034026],[43.47141610292415,-8.250784957127502],[43.471126790242785,-8.251210627242097],[43.47031659905738,-8.252402673761132],[43.37,-8.4]]}