{"Gij\u00f3n \u2192 Cand\u00e1s":[[43.5453,-5.6621],[43.551,-5.655],[43.553,-5.645],[43.559,-5.639],[43.56015,-5.61472],[43.561,-5.633],[43.555,-5.651],[43.55623,-5.66807],[43.569,-5.673],[43.585,-5.673],[43.587,-5.683],[43.58213,-5.69041],[43.587,-5.751],[43.591,-5.757],[43.5883,-5.7617]],"Cand\u00e1s \u2192 Cabo Pe\u00f1as":[[43.5883,-5.7617],[43.595,-5.759],[43.599,-5.763],[43.605,-5.763],[43.621,-5.779],[43.629,-5.779],[43.633,-5.783],[43.637,-5.797],[43.643,-5.803],[43.645,-5.827],[43.655,-5.835],[43.659,-5.843],[43.661,-5.853],[43.65817,-5.85816],[43.661,-5.849],[43.659,-5.847],[43.6553,-5.8492]],"Cabo Pe\u00f1as \u2192 Luanco":[[43.6553,-5.8492],[43.659,-5.847],[43.661,-5.849],[43.65817,-5.85816],[43.661,-5.853],[43.659,-5.843],[43.655,-5.835],[43.645,-5.827],[43.643,-5.803],[43.637,-5.797],[43.633,-5.783],[43.629,-5.779],[43.619,-5.779],[43.6117,-5.7917]],"Luanco \u2192 Avil\u00e9s":[[43.6117,-5.7917],[43.619,-5.779],[43.629,-5.779],[43.633,-5.783],[43.637,-5.797],[43.643,-5.803],[43.645,-5.827],[43.655,-5.835],[43.659,-5.843],[43.661,-5.853],[43.65817,-5.85816],[43.653,-5.865],[43.639,-5.871],[43.629,-5.881],[43.629,-5.903],[43.62233,-5.91733],[43.603,-5.935],[43.59725,-5.94793],[43.603,-5.939],[43.5917,-5.925]],"Avil\u00e9s \u2192 Cudillero":[[43.5917,-5.925],[43.605,-5.935],[43.62233,-5.91733],[43.603,-5.935],[43.59725,-5.94793],[43.585,-5.961],[43.583,-5.997],[43.587,-6.005],[43.58981,-6.03001],[43.581,-6.063],[43.573,-6.071],[43.573,-6.077],[43.567,-6.087],[43.567,-6.101],[43.559,-6.115],[43.567,-6.143],[43.573,-6.149],[43.571,-6.153],[43.575,-6.167],[43.571,-6.179],[43.58312,-6.1903],[43.571,-6.179],[43.575,-6.167],[43.571,-6.153],[43.573,-6.149],[43.569,-6.147],[43.5633,-6.15]],"Cudillero \u2192 Luarca":[[43.5633,-6.15],[43.569,-6.147],[43.573,-6.149],[43.571,-6.153],[43.575,-6.167],[43.571,-6.179],[43.58312,-6.1903],[43.583,-6.203],[43.589,-6.211],[43.587,-6.217],[43.59819,-6.24378],[43.583,-6.259],[43.583,-6.273],[43.569,-6.299],[43.571,-6.309],[43.565,-6.317],[43.563,-6.337],[43.555,-6.353],[43.557,-6.357],[43.555,-6.361],[43.561,-6.367],[43.561,-6.385],[43.565,-6.397],[43.565,-6.403],[43.561,-6.407],[43.563,-6.419],[43.557,-6.431],[43.565,-6.443],[43.565,-6.455],[43.571,-6.461],[43.57252,-6.46975],[43.577,-6.471],[43.575,-6.477],[43.553,-6.499],[43.555,-6.505],[43.553,-6.531],[43.5417,-6.5333]],"Luarca \u2192 Navia":[[43.5417,-6.5333],[43.553,-6.535],[43.555,-6.539],[43.553,-6.553],[43.559,-6.569],[43.557,-6.593],[43.567,-6.603],[43.567,-6.615],[43.57225,-6.62266],[43.569,-6.661],[43.565,-6.667],[43.561,-6.687],[43.567,-6.713],[43.563,-6.717],[43.563,-6.731],[43.569,-6.743],[43.567,-6.761],[43.571,-6.767],[43.56971,-6.77597],[43.571,-6.765],[43.567,-6.761],[43.569,-6.743],[43.565,-6.739],[43.565,-6.733],[43.561,-6.729],[43.55,-6.7283]],"Navia \u2192 Ribadeo":[[43.55,-6.7283],[43.561,-6.729],[43.565,-6.733],[43.565,-6.739],[43.569,-6.743],[43.567,-6.761],[43.571,-6.767],[43.56971,-6.77597],[43.569,-6.785],[43.561,-6.793],[43.561,-6.817],[43.567,-6.823],[43.571,-6.855],[43.569,-6.885],[43.573,-6.889],[43.569,-6.907],[43.575,-6.913],[43.573,-6.921],[43.57672,-6.92563],[43.573,-6.941],[43.577,-6.94585],[43.53175,-7.03165],[43.55892,-7.03214],[43.535,-7.0417]],"Ribadeo \u2192 Foz":[[43.535,-7.0417],[43.53175,-7.03165],[43.55892,-7.03214],[43.5648,-7.24836],[43.5717,-7.255]],"Foz \u2192 Viveiro":[[43.5717,-7.255],[43.5648,-7.24836],[43.65265,-7.33764],[43.657,-7.341],[43.665,-7.341],[43.673,-7.349],[43.67436,-7.35582],[43.683,-7.369],[43.679,-7.377],[43.681,-7.387],[43.691,-7.399],[43.695,-7.421],[43.70377,-7.43632],[43.705,-7.447],[43.725,-7.467],[43.727,-7.481],[43.735,-7.489],[43.727,-7.499],[43.727,-7.511],[43.735,-7.519],[43.737,-7.527],[43.733,-7.533],[43.735,-7.543],[43.733,-7.553],[43.713,-7.569],[43.711,-7.575],[43.713,-7.585],[43.6974,-7.60283],[43.687,-7.593],[43.6617,-7.595]],"Viveiro \u2192 Estaca de Bares":[[43.6617,-7.595],[43.687,-7.591],[43.691,-7.587],[43.711,-7.587],[43.713,-7.569],[43.723,-7.559],[43.7297,-7.5575],[43.723,-7.559],[43.713,-7.569],[43.711,-7.577],[43.71305,-7.58628],[43.6974,-7.60283],[43.71871,-7.60549],[43.733,-7.623],[43.741,-7.629],[43.75214,-7.63153],[43.777,-7.65921],[43.761,-7.673],[43.753,-7.673],[43.74961,-7.66986],[43.753,-7.673],[43.761,-7.673],[43.777,-7.659],[43.791,-7.675],[43.79093,-7.68802],[43.785,-7.689],[43.76437,-7.71411],[43.7883,-7.685]],"Estaca de Bares \u2192 Cabo Ortegal":[[43.7883,-7.685],[43.791,-7.675],[43.777,-7.65921],[43.761,-7.673],[43.753,-7.673],[43.74961,-7.66986],[43.753,-7.673],[43.761,-7.673],[43.777,-7.659],[43.791,-7.675],[43.79093,-7.68802],[43.785,-7.689],[43.76437,-7.71411],[43.751,-7.739],[43.743,-7.773],[43.739,-7.779],[43.739,-7.787],[43.745,-7.795],[43.741,-7.827],[43.743,-7.835],[43.77678,-7.86883],[43.767,-7.879],[43.765,-7.887],[43.765,-7.897],[43.7699,-7.90581],[43.765,-7.897],[43.765,-7.885],[43.771,-7.875],[43.77,-7.87]],"Cabo Ortegal \u2192 Cari\u00f1o":[[43.77,-7.87],[43.771,-7.875],[43.765,-7.887],[43.765,-7.897],[43.7699,-7.90581],[43.765,-7.897],[43.765,-7.885],[43.77678,-7.86883],[43.765,-7.857],[43.739,-7.857],[43.727,-7.845],[43.71808,-7.82634],[43.727,-7.835],[43.729,-7.845],[43.741,-7.861],[43.7367,-7.8667]],"Cari\u00f1o \u2192 Cedeira":[[43.7367,-7.8667],[43.739,-7.861],[43.737,-7.855],[43.727,-7.845],[43.71808,-7.82634],[43.727,-7.835],[43.729,-7.845],[43.739,-7.857],[43.765,-7.857],[43.77678,-7.86883],[43.767,-7.879],[43.765,-7.887],[43.765,-7.897],[43.7699,-7.90581],[43.741,-7.933],[43.7424,-7.95253],[43.725,-7.967],[43.709,-7.995],[43.707,-8.007],[43.713,-8.015],[43.711,-8.027],[43.715,-8.031],[43.713,-8.041],[43.715,-8.047],[43.699,-8.069],[43.689,-8.069],[43.68186,-8.07752],[43.6681,-8.09101],[43.675,-8.075],[43.66,-8.0567]],"Cedeira \u2192 Ferrol":[[43.66,-8.0567],[43.68186,-8.07752],[43.6681,-8.09101],[43.645,-8.115],[43.643,-8.127],[43.619,-8.161],[43.619,-8.173],[43.62318,-8.18279],[43.623,-8.187],[43.59348,-8.21659],[43.583,-8.225],[43.567,-8.247],[43.563,-8.267],[43.559,-8.271],[43.561,-8.301],[43.569,-8.309],[43.571,-8.319],[43.559,-8.327],[43.521,-8.327],[43.511,-8.333],[43.503,-8.329],[43.491,-8.329],[43.463,-8.349],[43.455,-8.333],[43.459,-8.327],[43.457,-8.291],[43.461,-8.285],[43.461,-8.277],[43.465,-8.273],[43.465,-8.261],[43.475,-8.249],[43.475,-8.243],[43.47128,-8.23858],[43.475,-8.231],[43.4833,-8.2333]],"Ferrol \u2192 La Coru\u00f1a":[[43.4833,-8.2333],[43.473,-8.231],[43.465,-8.241],[43.465,-8.249],[43.469,-8.255],[43.457,-8.291],[43.457,-8.311],[43.443,-8.317],[43.433,-8.295],[43.435,-8.281],[43.423,-8.265],[43.415,-8.263],[43.413,-8.239],[43.403,-8.229],[43.39979,-8.21849],[43.39176,-8.22211],[43.397,-8.223],[43.413,-8.239],[43.415,-8.263],[43.423,-8.265],[43.435,-8.281],[43.433,-8.295],[43.439,-8.303],[43.439,-8.313],[43.443,-8.317],[43.457,-8.311],[43.457,-8.291],[43.461,-8.285],[43.461,-8.277],[43.465,-8.273],[43.465,-8.261],[43.475,-8.249],[43.475,-8.243],[43.47128,-8.23858],[43.475,-8.243],[43.475,-8.249],[43.465,-8.261],[43.465,-8.273],[43.461,-8.277],[43.461,-8.285],[43.457,-8.291],[43.457,-8.311],[43.445,-8.317],[43.439,-8.313],[43.439,-8.303],[43.433,-8.295],[43.435,-8.281],[43.423,-8.265],[43.415,-8.263],[43.413,-8.241],[43.41569,-8.23975],[43.38761,-8.26777],[43.419,-8.267],[43.42993,-8.27511],[43.40445,-8.30226],[43.40436,-8.30379],[43.409,-8.301],[43.417,-8.303],[43.44212,-8.3168],[43.443,-8.327],[43.463,-8.349],[43.467,-8.349],[43.481,-8.335],[43.493,-8.329],[43.503,-8.329],[43.511,-8.333],[43.52766,-8.32374],[43.511,-8.333],[43.503,-8.329],[43.49022,-8.32975],[43.46268,-8.3493],[43.399,-8.349],[43.36591,-8.37932],[43.38586,-8.38941],[43.377,-8.389],[43.369,-8.383],[43.363,-8.387],[43.365,-8.395],[43.36037,-8.39735],[43.365,-8.395],[43.363,-8.387],[43.369,-8.383],[43.377,-8.389],[43.385,-8.389],[43.391,-8.397],[43.38567,-8.41269],[43.379,-8.413],[43.37237,-8.41773],[43.373,-8.407],[43.37,-8.4]]}